input_text,toxicity,severe_toxicity,obscene,threat,insult,identity_hate,time
"I can't speak to the selection, hours, owners, or resident cat. I can tell you that we noticed an 'honor system' as we walked by tonight with our Mojo. An honor system in this day and age?! Yes please! Friend and I both picked a $1 paperback, shoved our bills under the door, and walked away feeling like winners, a silent invisible transaction between fellow bibliophiles...absolutely lovely!",0.001129,9.8e-05,0.000179,0.000113,0.000197,0.00014,0.000566
"What a menu! My boyfriend loves sushi and I don't eat seafood, so going to these types of restaurants can be quite disappointing. However this place has the most extensive menu I've seen at a Japanese restaurant that is known as a sushi bar. The ambiance in the place is really romantic at night with dim lighting, nice music, and delicate plating. All the little details in the decor, like placing the chopsticks on a polished river rock was beautiful. Their menu offered everything from chicken and beef to lots of seafood. I ordered chicken teriyaki and it was delish. Their sauce tasted homemade and was lighter then most which I loved. It came plated nicely. I also had their tempura which was light and airy as it should be. The dipping sauce, also heavenly. My man seemed to enjoy his sushi and it looked nice as well. Overall it's pricey compared to other sushi places, however the ambiance of the restaurant and upscale choices on the menu make it worth it.",0.001899,0.000109,0.000283,0.000114,0.000209,0.000175,0.000564
"My fiancee and I found this place on-line when we were looking fot sushi in the Central Phoenix area. Neither of us had heard of it but we decided to give it a go. We got there around 8:30 and the place was kindof empty so we were a little nervous. We walked in and were seated at a table by the window. We were seated with dinner menus but not a sushi menu. Ther server said they only give those out at the sushi bar. I thought that was a little wierd but the server was nice and the decor was hip and modern (it was metrosexual according to my fiancee) so we went with it.   We ordered lots and lots of sushi - ika salad, hamachi sashimi ($9), spicy tuna roll ($7), shrimp tempura roll ($7), and the sunshine roll ($11) (spicy salmon with lemon on top). We could not complain about anything! It was all very very good. It tasted fresh, yummy, and hit the spot. The total bill was $47.00 which sounded about right considering how much food we ordered!   We liked the decor, the service, and the food. I noticed they had a lunch menu so I will be taking my co-workers back with me next time!",0.001568,0.000124,0.000351,0.000121,0.000219,0.000172,0.000522
"After eating chocolate covered bacon for desert (yeah, that's really one of the options for desert), I say that I was completely stratified with Beckett's Table. From the moment I called to make a reservation I knew that this restaurant was going to have great staff and service. The staff greeted us at the entrance and give us options for seating. I was VERY pleased with the pricing on the menu especially the wine bottle prices! It's just a matter of time, and I will be back for an evening meal! Speaking from living in the Arcadia area, this is just the restaurant we need in the area--a nice community restaurant with pleasing food! If you are looking for a nice dining experience, this is the place for you!",0.000583,0.000126,0.000178,0.000131,0.000177,0.000145,0.000519
"NO BETTER BREAKFAST IN AZ. From scrambled eggs to their blueberry pancakes. Top end. Yes, you pay for it. But it's special, like Valentines Day. Just pay out and enjoy the treat. Lunch is also nice, especially if you get a seat outside so you can people watch. Great wraps and sandwiches. Haven't tried anything later here yet. But I saw their happy hour specials and it is on my TO DO list.",0.00072,0.000113,0.000183,0.00011,0.000176,0.000141,0.000526
"I'm glad I bought my tickets back in August when the event was first posted.  I'm not sure the organizers knew what an amazing turn out they would have but the event was sold out so tickets were not available at the door.  We arrived at 11:15 (doors opened at 11) and while standing in line to get in there was a staff person checking to make sure we all had tickets and letting people know that if they did not, the event was sold out.   Once inside it was a sea of cupcakes!  Tiny cupcakes that were delicious!  I didn't taste one that I didn't like.  Liberty Market was my fave I think.  Espresso Carmel and Red Velvet!  YUM!!!  Cruelty Free Cakes makes delicious vegan cupcakes too!  I also liked the ones from Cry Baby Ranch. I'm going to have to find them again at the 20th street Farmers Market and Old Town Scottsdale Farmers Market.  And everyone was so nice!    $10 got you all the cupcakes you could eat and water AND milk!!  And it was for two very worthy causes.  Singleton Moms and Safe Haven For Animals.  There were also raffles, a cupcake eating contest and cupcake decorating for the kids.  So many festivals these days charge you to get in and then, once inside, charge for everything else.  People can't afford that these days so it was refreshing to go to an event and not be nickel and dimed for everything.  I appreciate that.  And best of all my daughter had a great time!  There were lots of people so it was a little overwhelming for her but she loved it.  Both of us are just coming down from our sugar high.    It was great to see Gabi and Lindsey manning the Yelp booth and our very own Thomas S. helping with emcee duties!    Will I be back next year?  You bet!!  And you should come too....just make sure you get your tickets early!",0.005435,0.000113,0.000512,0.000148,0.000396,0.000209,0.000533
"My name is Christi and I'm a carb addict. Bread with my pasta. My lover's pizza crust (classy, oui?). Hashbrowns with my French toast.   I've tried to quit, but I can't. And, I've also resigned myself to the life-is-too-short theory, so what the hay, bring on the starch.  I did almost get a salad at Bar Louie's because it was a pretty late dinner and I wanted to save room in my belly for dirty martinis. But, they have an appetizer that I couldn't live without trying - Warm Pretzel sticks. 4 huge soft, warm pretzels covered in salt, served with cheese sauces and honey mustard dip. Simple, yet during my carb withdrawl that night, it was the greatest tasting thing I had ever eaten.   I can vouch for the pretzels, but other than that, the service blew chunks. Over 15 minutes to get shots of jager when we were the only table in our server's section. When people order jager, that means they're on a mission, so give it to them...fast!   We canceled our drinks and left to drink wine in our hotel room. We knew we'd get drinks faster there.   If you're gonna go, go for the pretzels, not for the jager.",0.010567,0.000146,0.000954,0.000191,0.000664,0.000335,0.00053
I did not stay here but went to visit out of town friends who stayed here.  The hotel was definitely not designed for anyone with any type of mobility issue - steps everywhere!  Steps to get ice.  Steps to get to the pool area.  Steps to get to the lobby.  Can you find a way around some of these steps?  Sure - if you don't mind going into the parking lot and circling around the building while cars drive past you.  The rooms seem nice but there is no way on earth I will EVER stay here.  This hotel doesn't seem to have any concern for the disabled whatsoever.,0.002384,9.3e-05,0.000188,0.000123,0.000266,0.00019,0.000527
"Shimogamo has been one of my favorites for a few years now so, i thought it was time to give them a YELP!  Every time I visit I am always greeted by the owner (Yoshi) who happens to be Japanese and runs the restaurant as such. Fish is always fresh and consistently high quality, sushi chefs are friendly and always willing to let you try something new. They also have a nice selection of cold sake's available and some random ones in stock off the menu if you ask the owner.    Atmosphere is very modern/contemporary and in a small suite located next to C-Fu Gourmet. They also have a traditional Japanese seating room in the back that is fun for larger groups etc.. If you are a sushi lover or even a newbie to this style, you will love it!",0.000979,0.00011,0.0002,0.000116,0.000182,0.00015,0.000526
This place is so great! I am a nanny and had to bring in a dance outfit to get the straps shorten for the girl I care for. The woman did this for no charge! It was only the second time I went there. She said it would only take her two minutes so no charge. She was super sweet!,0.005787,0.000107,0.000473,0.000111,0.000403,0.000185,0.000554
"Agree with everyone on here, this is some really good food.  Very laid back un-asuming place inside another strip mall on Bell Road.  Ah what treasures lie hidden in a strip mall....  We were greeted by a friendly young man who took our order right away, I ordered, well I don't quite remember the name,  but it was steak pieces with french fries and onions, and rice.  I was fooled by the mild salsa that came with the chips and said, ""hey can you make my dish spicy?""  The server said no problem, and while the dish was very fresh, my mouth was on fire, and I touched  my eye and it was like pepper spray or something.  I love hot food, I can eat Los Dos Molinos Abogado ribs for example with little problem, but this stuff kicked my butt!!  It had little red peppers in it that I have never experienced before. HOT!!  I kept remembering Deb's review:""....this is not Mexican food...."".  No kidding, next time I will get it milder.  My eye burns still.....  Wife got a milder flat pan steak dish with lentils and rice.  She praised its freshness.  We also split a red beef tamale (they were only like $2) so it was just a sample but decent.  They only have 6 tables in there!  And they had to change their name due to copyright infringement from a restaurant  in Texas according to the young man.  Either way, we will be back for sure.  Good stuff!!  Something tells me there is more burn to come, perhaps tomorrow if you know what I mean?  Beware!  They can really spice it up if you ask them too.  I met my match at Mi Comida....  Fresh ingredients, nice people, and a nice change from Mexican food.  Recommended!  Don't touch your eyes if you touched those little red pepper things, that is for sure!!",0.066042,0.000617,0.024782,0.000646,0.005084,0.001502,0.000517
"Typical dumpy yet fairly clean little sports bar in a strip mall setting. Get your tires changed next door at Discount Tire and grab a few heinekins while you wait. Beware though, they call it coppers because it is owned and frequented by Cops and for some reason there are a lot of people missing limbs that frequent the place.?. hum. ho.",0.077252,0.00021,0.005043,0.000259,0.003714,0.000559,0.000508
"The price and pho was awesome. The waiter was great with helping me figure out what to get. Tried #11, loved the beef tendon and tender meat but not a fan of the meatballs (there was a tiny bone in mine). I am a spoiled NYC bahn mi eater so the bahn mi wasn't my favorite (I thought the meat was too fatty) but the boyfriend liked the BBQ pork bahn mi. I also love the do it yourself take home containers, homemade hot sauce, and I even heard they will refill your broth. Bring an appetite, even with the normal size I was stuffed!",0.009183,0.000118,0.000626,0.000177,0.000595,0.00028,0.000502
Scuzy waiter. Scuzy manager. Overall just a bad experience. The food was pretty awful too. I don't understand how this place is so successful! The food was either waaaay over-seasoned of severely under-seasoned. A hole in the wall Chinese restaurant can produce better Chinese food. And at cheaper prices. Search around. It'll be well worth it.,0.003134,9.2e-05,0.000268,0.000105,0.000264,0.000191,0.000524
"Planet Sub is definitely a good option for solid, good tasting subs. I'm next door at Gangplank a couple times a week and we usually hit this place up for lunch. It's much better than the last place that was in this spot, has tons of options (we decided you could eat lunch there for a month and not have the same sandwich), and friendly staff. I'm definitely glad they put this in. It's a great option in the downtown Chandler area.",0.000542,0.000133,0.000193,0.000134,0.000177,0.000146,0.000518
I've been really impressed with John Skiba and his professionalism. He is always up to date on everything in bankruptcy law and I've enjoyed reading his blog posts. It really shows his expertise and passion for what he does. Hopefully I will never need his services but if I ever were to need an Arizona bankruptcy attorney I would go to him first for sure.,0.000528,0.000138,0.000195,0.000147,0.000177,0.000146,0.000643
"I always have fun here.  I went here on new years this year and had a good time.  I did see the most pathetic lesbian here. She wore her make up and dressed just ike the Shane Character in the LWord.  Al I could think was, WOW what a loser. and I wish I was that skinny  Do you have no personality that you wear a costume everyday.!!  So I was with my girlfriend in line and we were holding each other. She walked away for five seconds and asked my girlfriend for her number. My girlfriend totally dissed her. I walked up and you could see the fear in her eye. She just kept saying  Sorry, Sorry, Sorry.  Well anyway aside from that I like this place.  But dont go in the bathroom unless you have to. There are always tranny's doing coke or k in the womens bathroom.  Make sure and use a tissue to lock and unlock the stall",0.246599,0.000963,0.014194,0.000989,0.024423,0.018839,0.000903
"Perhaps it was foolish for me to give La Condesa only four stars at first, given the fact that I really liked it.  What can I say?  I'm critical by nature.  I knew I was going back soon, so I felt like I had to save the last for a return visit.  Well, it just got it.  This place is fantastic.  In fact, if CenPho lets this one go under, I will personally hold all of you responsible; watch out for a citizen's arrest if I ever see you.  However, that is unlikely to happen, because the food is damn tasty.    Today, the Oaxaca black mole chicken taco had me swooning, topped with pickled onions; the chicken is tender and simmered in the lovely sauce.  The Soronan carne asada taco, char-grilled over mesquite charcoal is no slouch either; I'd rate it right up there with some of my favorites in town.    Go to this place; I have a feeling I'll be here at least weekly.  When and if they ever get a beer/liquor license...probably more.",0.016904,0.000147,0.001215,0.000334,0.000907,0.000403,0.000731
"LOVE IT LOVE IT LOVE IT!!! Best Mexican food we have had in Arizona yet. We are partial as we just bought in Fountain Hills and its close, but its also small and although lively, never crowded or noisy. The service is friendly and fast and the Mexican style music is great but not too loud. You can easily talk and relax. Loved the guacomole dip and shrimp cocktail and the fried ice cream is fab and big enough for four people!!!",0.000821,0.000112,0.000182,0.000115,0.000171,0.000148,0.00053
"Caught Louis CK here last night...   Beautiful theater... absolutely stunning. It was clean, the staff was really nice, and parking was a breeze. The sound was great, the seats were comfy, and I can't really find anything to complain about. Truly one of the most gorgeous theaters I've seen - down to every detail - it's my new favorite... I love it.   L.O.V.E.  If you twisted my arm and forced me to complain - well, in the lobby where they were serving drinks, the line got a little excessive. It wasn't so bad really - but I tried both of the wine they were selling and I kinda hated them. This is more of a bit of advice for you to booze it up before you get there than it is a complaint. I can't recommend this place enough.",0.026683,0.000272,0.00603,0.000255,0.001258,0.000389,0.000497
"The parking situation is ridiculous, seriously. If you can, walk/bike/bus. It's not worth the energy/effort otherwise.  Another downside? If you don't make 6 figures, dont' plan on buying anything here. Seriously. Nothing lends itself to everyday people. Except for m                   aybe Borders (outside of food options).  My most recent venture there was on a Fri afternoon and it was PACKED and we literally could not eat anywhere without a decent wait and we were starving... so we were stuck.  The bonus is the MoJo, Borders & Paradise there. But nothing else lends itself to my medicore income.",0.013496,0.000113,0.000762,0.000169,0.000641,0.000253,0.000538
"Saw a show here last night. Stage is raised to a proper height, acoustics are pretty decent and the sound system is adequate for live acts. Three trapezoidal speakers flown above the stage provide good coverage and nice clarity. There's a couple of subs tucked beneath the stage. They have some moving lights(mirrors move not heads), and some LED par cans. Monitors are on the stage floor, and are JBLs so they seem decent. If it were up to me, I'd toss about 12 more cans on the front wash and add some side wash. They have the trussing to do it .  Staff is attractive, and friendly. Knowledgeable about the area and eateries too. There's a patio where you can smoke outside, and they have heaters so you don't freeze your *** off. Drinks are reasonably priced for Scottsdale - and they had some good specials last night which ranged from beer to cinnamon whiskey to vodka - so your bases should be covered.  I'd go back. Go early, or good luck parking. Also - note that last night was Christmas week, so even though it was Wednesday tons of cops were out and about, pulling over all kinds of people as they left Old Town Scottsdale. So word to the wise - Don't Drink and Drive.",0.028502,0.000269,0.007549,0.000291,0.00174,0.000376,0.000573
"Verde = good, quick, close-by & cheap = YAY!!!! So...We went for breakfast last week and here is the result: green chili pork: Delish!!! Tortillas: Delish!! Eggs: Yuck!! Guacamole: Good!! The breakfast eggs are the 'fake eggs' - you know the ones that come in a pourable carton...honestly a little disappointing, because 2 sunny-side up eggs wouldve been muy bueno!! but everything else was on-point so i just wont order eggs again! :) we also ordered take-out this week: the whole lime-oregano rotisserie chicken it was MUY DELISH!!! This is not your grocery store rotisserie - the flavor was amazing!! the whole fam luved it and devoured it - Verde will be my new go to when i dont want to cook dinner or when i need a quick lunch!",0.037685,0.000184,0.002715,0.000377,0.001828,0.000667,0.000527
Great happy hour specials.  All the appetizers are delicious!  Service is first rate and it's nice to sit outside on the patio.  Great people watching without being too obnoxious!  LOL,0.008288,0.0001,0.000409,0.000133,0.000507,0.000253,0.00049
"Spring Rolls - Great!  Singapore Noodles - Great!  Hot & Sour Soup - not so great - I have never had a hot and sour soup so dark!  Although the hot was hot and the sour, was sour - a little bit goes a very long way!  Definitely going back again, just skipping the hot & sour soup next time.",0.001175,9.7e-05,0.000172,0.000107,0.000194,0.000151,0.00049
"I have been to this place many times and the food and service is always great. I am so excited to have found a place where I can get freshly made, good food out here in Queen Creek. My favorite is their home made mozzarella cheese. Its great on anything. I frequently order the tomato, basil and Mozzarella pizza and I recently discovered their vegetarian plate which was delicious. The staff is very friendly and the atmosphere is casual and comfortable. Don't forget to save room for the amazing ice cream they have.",0.000553,0.000132,0.000178,0.000138,0.000172,0.000149,0.00052
"Love the shows the promoters bring in. Cozy spot where I've seen Owl City, A Fine Frenzy, Landon Pigg and more. Plus they are generous with the Malibu Rum :) You will need to visit the bar to get your own as I've never really seen cocktail servers. Oh well...   Atmosphere is laid back, chill. A large patio. And yes, the Shaker Room. The hot, shake your stripper ass, place to be.",0.576826,0.0033,0.4625,0.000941,0.102155,0.002628,0.000527
"If you are in the mood for pizza this is possibly the best pizza, no it is the best pizza that I have had thus far from tempe.  This is a five star if Tempe was the only place in arizona.  They have amazing pizza that does not taste like a piece of hot cardboard with tomato past and a sad excuse for cheese.  Unlike other pizza places the owners are some real italians and keeps the company in the family.  Recommendation: To anyone living in tempe and enjoys a REAL pizza.",0.000883,0.000108,0.000176,0.000109,0.000185,0.000155,0.000524
"Since this was a little local spot I always passed, I decided to give it a try one day. The d√©cor is so beyond needing an update, it needs a complete makeover. If you had Mr. Ramsey visit, he would say, ""Oh God...what were you thinking"". The location is great and I think that the restaurant has potential to do better than it is. The prices were about average in comparison to other breakfast restaurants in the area and the menu had a wide selection of breakfast goodies. The food was extremely average...I would have to compare it to the quality and creativity of Denny's. Nothing special, and for $30.00 for breakfast for two...I would not go back. There are so many great restaurants in the area and I like to support local business but this place just needs to start from scratch to make it great.",0.000597,0.000123,0.000183,0.000125,0.000171,0.000138,0.00056
"I can't think of a better Thai rest. In PHX. Consistently good food and service.  They have Thai staples like rice paper rolls, Tom Ka Gai and Pad Thai as well as more creative items such as Crispy Mango Fish. Average Thai food pricing, free parking.  There are a good number of tables, so don't let a short line dissuade you.  Like any rest., scope your table before you sit to be sure it suits your mood.  Boisterous din in the main room when busy.",0.001337,0.000101,0.000182,0.000115,0.0002,0.000165,0.00052
"Soft opening, so still working out the kinks. Food was deelish.  Scallop poppers- crispy and spicy; not at all greasy Honey chicken-a little sticky but so good Teriyaki chicken-subtler than other places' teriyaki, but much better flavor and chicken was tender ""tootzi"" roll- bursting with flavor and rolled perfectly Nice touches with cucumber water, upscale Asian decor, unique glasses, menus, plates, etc. Will definitely be back.",0.002351,9.9e-05,0.000273,0.000102,0.000251,0.000193,0.000546
"What can I say except that Jodi is incredible. I had purchased an online deal because I've always wanted to do something like this and thought it to be a great gift for my other half. I sent her a message and she quickly responded. Almost everything I needed to know for the shoot was emailed to me. You have the opportunity to do your own hair and makeup or have someone she works with do it at a reasonable rate. I highly recommend that you get it done by her ladies. That day I saw Erica. She was really fun and got me into the mood (the glass of wine helped too :-) ) and she did an incredible job with the makeup and hair. For those who feel a little nervous I do recommend bringing some wine along with you. It really loosens you up a bit and allows you to be more comfortable. It was perfect since my first photos were the nude shots. Note: wear loose fitting clothing, nothing elastic and be sure that you do not have a sunburn on your body. Let your hair air dry and it is OK to put on your own serums and moisturizers prior to the shoot. Make sure nothing with sunscreen gets on your face and while it's not necessary, I made sure to use a primer. I thought it really helped out with how my makeup set. Be prepared to pose in positions that may be a bit awkward and also note that you will likely be sore the next day from the different twisting that you have to do. Jodi really knows how to make you feel comfortable and at ease. I don't make a habit of being in the buff in front of complete strangers and for me to drop my robe without feeling shy was a big deal for me. It helped that I had my own music mix on my iPod throughout the entire shoot as well. The overall whole experience was incredible. I felt sexy and confident. I went back with my honey to look at the photos. He really really liked them and had a hard time choosing which he wanted to go into the album. I can't wait to see everything finished. I can't wait to do it again :) Thank you Jodi for making it such a memorable experience. I highly recommend her and her ladies!!!",0.005247,0.000106,0.000382,0.000169,0.000388,0.000224,0.000557
My car looks better than it did the day I bought it!,0.0008,0.00011,0.000179,0.00011,0.000182,0.000138,0.000564
"Quick update for Mama Java's since we had the Yelp Office Hours there last week... we lucked out and were able to take over the couch / chairs to the right when you walk in the door.  It worked out perfectly!    Even though I hadn't been in to MJ in a couple of months, Jensy remembered that I drank a soy latte - incredible!  I felt so special (almost like a regular) when I walked in and she greeted me and asked if I wanted a soy latte!  I did, and it was just as good as last time!  The atmosphere provided the perfect place for the yelpers to come and go, chat, etc... I think everyone felt comfortable and welcome.  Thanks again to all of you who came by to visit!  Looking forward to the next time...   Lastly, MJ created a yelper special of the day... the ""hold me closer tiny yelper' which i believe was a vanilla cinnamon latte.  Now if that didn't make us feel special, what does?!",0.001271,0.000102,0.000205,0.000118,0.000212,0.000141,0.00052
"What are you all talking about?! This place is awful. Theres a reason why these sandwiches are $3. I can't believe so many people like this place, (although the place was filled with the Chinese people and they have been known to have different taste buds ) You get a 10 inch piece of bread with a bunch of stringy cheap vegetables. From what they said, there was meat on there too,  however i forgot to bring my microscope to verify if there was any on there. This place is like a middle school cafeteria smack dab in the heart of Tokyo's slums (i don't know any Vietnamese cities). Please, homeless people, save your quarters, you're too good for this place. They have good milkshakes, but if you really are homeless (as you should be if you're going to Lee's) you shouldn't be buying ""rich people"" milk shakes anyways, stick with the dollar menu.",0.020794,0.000136,0.000594,0.000229,0.000964,0.00069,0.000561
Great multigrain sandwiches. Nice patio too!,0.000773,0.000111,0.00018,0.000114,0.000182,0.000142,0.000554
"This was the first and only Thai place I've been to in AZ.  Overall, it is pretty good.  I think we will probably try a new place next time but if we can't find anything better, I think we won't have any problem going back to Swaddee.  *Price = on the high-end  *Pad Thai = pretty good volume *Green Curry = very good. *Garlic delight = The portion is way too small to charge $11",0.000619,0.000122,0.000177,0.000127,0.000173,0.000145,0.000545
"I love this place, sure its kinda creepy and in the middle of an odd office complex but DAMN those donut holes chocolate cake not the glazed ones are good!  Not to mention the NINJA BOWLS!!  Good God get the Sizzling ninja, top that off with a fried egg, and pineapple, get healthy with some brown rice and white chicken and then DRENCH that bowl with NINJA SAUCE AND SRIRACHA (which comes standard btw) AMAZING! Don't waste your life away without having one of these ninja bowls at this donut shop, i never thought i would be able to say that statement with a straight face but i did!  And for those wondering they don't serve pirates (some will understand this fact)  Also if you come back a few times they might throw some free donut holes at YOUR FACE LIKE NINJA STARS!!  I joke they don't throw them but you may get some for free (really though)!",0.536236,0.003377,0.201457,0.005953,0.062786,0.009416,0.000519
"First thing - I felt compelled to write a review because the Android and Ipad app both state that Mokis is closed. If you are doing a mobile Yelp for this place, it is most defiantly open.  Second, I decided to give them a try for an early Friday dinner, about 5 in the evening. There were a few people dining in the restaurant, and quite a few people on staff for the evening. The dining room is pretty well decorated, more so than I thought it would be, giving a faux Hawaiian feel to it. Seeing some people there at that time gave me hope for a good meal.  I asked the lady manning the counter what was good, and she took a bit of time to walk me through the menu. Emphasizing the plate lunches, I decided to try the Combo that would get me the most variety. I elected for terriyaki beef and kalua pork. I took the side of the 'potato mac' and got my meal to go.  Arriving home, my meal sat for about 5 minutes before I had it unboxed and ready to enjoy. Considering that fact, everything was in pretty good condition. The potato mac was a bit more room temperature than cold, but that was my own doing. The rice stayed warm, the pork moist and really flavorful, and the beef sweet and tender.  Having dined at a few places offering plate lunches in the past, the potato mac was probably what sold me as much as the meats on why I'll return. Potato mac's tend to have a pretty flat flavor, and when I find out how Hawaiian's garnish them, I will be excited to get some more flavor in them. But it was just the right amount of dry ... I've had many potato mac's that are just too wet, but this felt about perfect.  I'll give the fish dishes a try in the future and report on those. But I really enjoyed what I experienced and well give it a second (and probably more) pass.",0.000738,0.00012,0.0002,0.000118,0.000181,0.000152,0.00052
No good,0.00405,0.000101,0.000334,0.0001,0.00027,0.000169,0.00052
"This might be a good way to kill time if you're near the airport, the food really wasn't that great. It tasted cheap and like it had been sitting there for a very long time. I had the caldo 7 mares and it was lukewarm, wayyy too salty, and the shrimp were mushy. It was pretty gross. The carne asada tacos were mostly gristle, and I couldn't really taste my enchilidas with the thick blanket of sour cream over them. For $20, I could've gotten much better Mexican food somewhere else.",0.001994,0.000115,0.000308,0.000116,0.000237,0.000207,0.000517
"This place is very cool and laid back.  Apparently Unlce Bear was someone's dog b/c there are dog pics plastered all over this place.  If you are a dog or even a pet lover in general you would appreciate the decor/vibe of this grill/bar.  It is literally a ""throw your peanut shells on the floor"" joint (they come served in a dog dish) with very cold beer on tap and an eclectic mix of people that dine here.  The Gilbert location is a bit more conservative versus the East Mesa spot.  People in Gilbert seem to think it's ok to bring their small children to bars!   I am a huge fan of the BBQ chicken quesadilla (or you can get it served as a pizza).  I really haven't tried much else on the menu b/c I can't seem to stray from my BBQ chicken; It is yummy and when I lived in the east Valley I would dine there about once a week.",0.004857,0.000114,0.000425,0.000133,0.000399,0.000253,0.000538
"the folks at national car rental were very accommodating and even helped me upgrade my rental at little cost to me.  if the deal was right, i would definitely use this company again when visiting Phoenix!",0.000581,0.000127,0.000181,0.000137,0.000182,0.00014,0.000519
"I had always heard great things about Pita Jungle, but it wasn't until a recent visit there that I became a believer. Really great food for a reasonable place!",0.000583,0.000128,0.000181,0.000126,0.000176,0.000148,0.000519
"If your boyfriend is a baseball player and is in Spring training.... Watch out for the heat...as it gets SOOO HOOOOOT and SOOOO DRY...... i literally had to stand with my legs apart and my hands on my waist to air what needs to be aired.  Yup. Support thy boyfriend..... I can't wait to come back here this May for Minor League Spring training! I probably will be wearing a bikini and a see through dress.   But really..I've never seen fields so well managed here... I've only been to where the Royals practice....and It's quite amazing! This May, i'd definitely see games at the Texas side.",0.008611,0.000105,0.000632,0.000172,0.000443,0.000201,0.000483
"Mucho Taco falls closer to 2.5 stars-average.  The prices are very good and the staff was very friendly.  Let me start with some positives:  the salsa was fresh and tasty as in these were whole tomatoes 5 minutes ago.  veggies on the tacos were also fresh and crisp.  I had a fish taco & a carnitas taco-total about $4.50.  The fish was decent but the carnitas was pretty gristly.  I overheard the kitchen staff talking to a customer and found out that they make liberal use of the ""L"" word here.  That's right, old school cookin' for better or worse; Lard.",0.001217,9.8e-05,0.000206,0.000102,0.0002,0.000149,0.000482
I was very happy with the food and service. The service was wonderful and quick too.,0.000511,0.000145,0.000206,0.000141,0.000182,0.000149,0.00048
"Did you know that Malee's on Main offers cooking classes!?  They offer them twice a month during tourist season and once per month during the rest of the year.  I attended two weeks ago, and it was OUTSTANDING!  Not only did we learn to cook Thai (which, incidentally, it was significant to learn that Thai gets its flavor by layering is sauces), but we were given the recipes for some of the signature dishes, served tastings, a meal, and wine pairings, and we were even given goody bags.  It was a great way to spend a Saturday afternoon with another foodie!",0.000897,0.000108,0.000176,0.000112,0.00019,0.000145,0.000599
i love the $5 happy hours. all the dishes are a great value and delicious!,0.000597,0.00013,0.00019,0.000139,0.000175,0.000144,0.000856
This is my first time back in years. It will be my last. I was in the bar area for lunch it was almost 1hour 25 min before I could get out. Ten min before my drink order and almost as long before food order. A secound drink forget it. Guy next to me walked out.,0.005793,0.000116,0.000591,0.000173,0.000355,0.00019,0.000555
"After a day full of meetings, I gathered the hubster and we headed out to eat some Mexican. I had visions of chips/salsa, and margaritas. We headed to On the Border on Stapley near Baseline but found that this location had closed. Egads. Then we remembered The Salty Senorita across the street. And thus begins the saga. ""Hi, are you here for happy hour?"". We said no but were seated in the bar area anyway. At least we got a booth. Lucky us, huh? Joe ""lots of product in his hair"" brought us menus and took our drink orders. He was pushing a certain type of Tequila and I took the bait, with the stipulation ""on the rocks with salt"". My drink, and hubster's water arrived and we ordered. The chips and salsa AND our dinners arrived at the same time. .Really Joe product??? Chips with the meal? FYI, chips and salsa here aren't complimentary, you have to order and pay for them. It was then we noticed ants had taken over our table. At first we thought it was just a couple but noooooooo. The hubster brought the ants to the attention of Joe product and he feigned concern but did not offer to sit us at another table. Now the hubster's getting annoyed. It's hard to enjoy yourself when you are swashing ants off the table. Our booth was by a window but we didn't see any influx from the window of ants, so we're not sure where they are coming from, but they don't stop. Hubster mentions it a second time, and then, again with feigned concern he offers to move us to a different table. By this time we are almost done eating and I just say let's finish and get the hell out of dodge. Our bill comes, we pay, and hubster asks for the manager. Hell, he's even younger than Joe Product and looks like he just woke up, thus we'll call him Bed Head. Bed Head offers to buy us a drink on the house? Really? That's your solution? He said he'd make sure other patrons aren't seated in this area. Egads, no thanks, we just wanted to leave. We weren't after free food, but the offer of 10% off or some kind of compensation for sharing our entire meal with ants would have been appreciated. A free drink? Hey,maybe one of those $60.00 margaritas would have made everything alright! As far as the food goes-I had the chicken antchiladas (get it, lol) with beans and rice and they were dry. I like my enchiladas with oodles of sauce and cheese, and these had very little sauce with a little design of sour cream on them. Hubster had a steak and avocado salad. He said it was ok.  This is a never return place for us.  And a note to Joe Product-chips and salsa should have arrived WITH the drinks, and before the meal.Reflecting back, we were there on Earth day so perhaps having ants share our meal was relevant. The margarita gets a 7 out of 10 limes as it was pretty good.",0.012634,0.000211,0.002183,0.000213,0.001221,0.000421,0.000595
"Went here Sunday for the Rockies vs Dodgers game. We got some great free seats just to the left of home plate. Love the awning that provides lots of shade to people who just want to watch the game from the top of the seat section.   I heard that the game was sold out, but it looked maybe 75% full. Parking wasn't too bad for us. We actually parked maybe 4 lanes away from the stadium. The food was ok. This place just didn't have the spring training feel l've come to love.   This really is too far of a drive for me and I truly love the vibe and energy I get from the crowds at older stadiums like Phoenix Muni and Tempe Diablo and even Hohokam and Scottsdale. This just didn't seem to compare.",0.000591,0.000128,0.000194,0.000127,0.000171,0.000145,0.000573
"So i'm not here to buy spices or shop for sheesha, i'm here for food. Lots and lots of food. Luckily for me, Haji-Baba is known for tons of food at decent prices so I have a promising evening of stuffing my face without breaking my wallet. God, I sound like a really cheap buffet commercial.  But really, to be truthfully, super blunt, honest-to-go-honest truth, Haji-Baba's food is not the best in the world but it is 1) fresh, 2) good quality, 3) tasty and 4) cheap. I am sure you can find better Mediterranean food around town, but this place is really good on your wallet and fits my needs just right. And hey, 215 reviews can't be lying. THE PEOPLE LIKE IT. They like it a lot.  I ordered the gyro deluxe (gyro with raw onions and feta cheese), a side order of hummus, Babaganoush (eggplant dip), tried my friends lamb tongue and a pistachio  baklava.   If you are feeling adventurous and want to try the lamb tongue, lemme tell you: don't. Really, don't. There is nothing tasty about lamb tongue. It tastes slightly like roast beef but the texture resembles congealed liver patee and the big chunks are really scary. The only positive about eating tongue? Infinite pun jokes about talking about it forever. Get it?  The gyro meat was pretty standard in the Gyro deluxe sandwich, the best thing about it was the creamy fresh salty feta cheese. Its the freshest i've ever had and they really DO slap it on that sandwich, like a boss. The babaganoush was also very very tasty with the pickle and the black olive- however- i would have liked bigger pieces of roasted eggplant than a hummus-like texture. The hummus was just A-OK, it needed more of a PUNCH of flavor. Last but not least, the baklava is my favorite dessert in all the land.. so obviously I enjoyed it. Heavy on the honey and not very crispy on the nuts, but pretty decent nonetheless.  In conclusion, only use the tongue in your mouth and not the one on the menu, get as much feta cheese as your body can process and buy a desert to-go. BAM, lunch is served.",0.008438,0.000125,0.000692,0.000184,0.00056,0.00029,0.000741
"Even though I've rarely had anything else on their menu except for hummus, I highly recommend this little greek hot spot. They have tons of regulars because the food keeps them coming back. The hummus is to die for (it only comes with one pita however, so I always order 2-3 extra). I have also tried their veggie gyro which is great. I have brought many meat-loving friends here and I've never heard anything but great things about their experience with their food.   The staff is completely Greek. They are friendly in their own unique kind of way. Because I usually saunter in with a drink from Starbucks (same parking lot), the female owner assumes I work there and she always asks me how business is going at SB. I corrected her the first few times, but she continued to ask, so now I just keep it going and tell her it's going great but that I hate my job (because I'm assuming I would, if I worked there). I love her personality...very intense. Never smiles, even when a smile would be just right. But she is still very kind. Always look forward to seeing her and eating her food.",0.001366,0.000109,0.000246,0.000117,0.000208,0.000165,0.000551
"Very mixed feelings about this hotel.  Location is very close to ASU's tempe campus, so it's convenient if you're visiting ASU. The surrounding city of the hotel is fillllled with methamphetamine addicts. And yes, it is very creepy- and that is coming from a 24 year old male.  The customer service INSIDE the hotel was great. The breakfast buffet also tasted good. The hotel rooms are nice, although they only have $5 water available which is annoying and the fridge is LOCKED so you can't store any of your drinks.  The reason why I docked 2 stars was not so much the tweakers, as it was the LOUD clunk sound whenever the AC turns off. From what I've heard, this happens in every room.  So, if you need to sleep with AC at night (and you will, in the summer) - be SURE to buy or bring ear plugs. It's the only way to get through the night - trust me....",0.003434,9.7e-05,0.000299,0.000119,0.000298,0.000192,0.000572
We Care Family Wellness Center is the most exceptional doctor's office and staff that I have ever found. Every employee here genuinely cares about you. I highly recommend.,0.001023,0.000105,0.000171,0.000128,0.000186,0.000146,0.000583
"I have to say I am not a big Valentine's fan. I don't like Hallmark holiday's. We ended up by chance going to MiMi's for Valentine's Day and they had a great menu and price for that menu for the evening. I am just impressed by their service, portion size and just the overall experience. I just love this place.",0.000639,0.000122,0.000179,0.000127,0.000168,0.000143,0.000645
"Occasionally I just feel like going out for just basic breakfast, i come to this particular MacDonald's.  It's a place to have a big breakfast and watch some of the interesting people that you now are regulars among others. It's always clean and the service pretty quick. it's by no means and exciting venue!   is okay for what it is.  I am not a big breakfast eater so it serves the purpose when I am in that particular mood.  When I am traveling I often go to a MacDonald's for breakfast.  I usually need to eat something and can count on pretty standard fare and a decent price.  If it's just before catching a plane in the morning, a Greek meal that I might prefer first thing in the morning might not set well at takeoff as a big breakfast..",0.000603,0.000123,0.000178,0.000126,0.000172,0.000146,0.000792
"Way old school. I did the lunch buffet, $6 and change including drink.  It was actually pretty good.  Yes there were a few times I asked myself ""exactly what part of a chicken is this from?"" but the flavors were good. I'm guessing about 15 different items on the buffet.  I'm guessing this place has been here for 10+ years, maybe double that.  Red cheesy Asian interior as you would expect in a place like this.  I like this place, so what are you going to do about it?",0.004181,0.000106,0.000464,0.000104,0.000346,0.000208,0.00055
"The best of all the Harkins. Better array of munchies and really friendly staff. Also, I wasn't overly carded on my inexpensive purchases. At the Superstition Springs location, I'm carded four times between the parking lot and my seat. Chances are...if I steal a credit card, I'm not gonna sit in the same spot for three hours awaiting the po-po.",0.005676,9.7e-05,0.00044,0.000125,0.000423,0.000188,0.000532
"I wasn't really very impressed. Bajio isn't *bad* by any stretch, but it's certainly nothing to really rave about.  The prices were a little steep for what you get and everything (keep in mind, this is mexican food) was oddly sweet for some reason...and that struck me oddly.   Burritos and such, served in a very Chipotle-esque fashion, but for a few bucks more than Chipotle.   I don't believe I'll be returning. Not because it was a negative experience, just exceptionally ""meh"".",0.000661,0.000118,0.000191,0.000113,0.000174,0.000139,0.00054
"What a fabulous dining experience! My boyfriend and I are always looking for new places to try and came upon this place on Yelp when our regular Saturday spot decided to no longer be opened for lunch Saturdays. Right upon entering we were greeted by someone behind the register and he sat us down at a booth. The decor was great and the place was spotless. We ordered the Saturday special of Monte Cristo, the potatoes and the biscuits and gravy among other items. The Monte Cristo was perfection and the home made blueberry and strawberry jam was excellent! The potatoes were seasoned to perfection and eggs cooked perfectly. I would definitely recommend this place to anyone and this is now going to be our regular weekend breakfast/brunch place.",0.001489,0.000103,0.000228,0.000115,0.000205,0.000156,0.000519
Good JIB. Fast an friendly.,0.000714,0.000116,0.000187,0.000118,0.000182,0.000139,0.000546
"While I don't like to hype places up (because really, how GOOD can any one place be) ...How good can one burger joint be over another, or how good can pizza be over another pizza place (when weighing the ones that are all generally Good in the Public Opinion).  Now the word around town is that The Grind is Sofa_King Great.  I will say about The Grind that when you're up for a Burger, this place hits the spot.  I've been here once before August 2010 (don't remember what burger I had but recall it was good) and the other night I had the Peppercorn Burger and it was as good as it gets.  I was starving and really hadn't eaten all day and that helped add to how much this hit the spot, but make no mistake, it was really good and I do enjoy this place for the atmosphere, service, and quality of food.  My friends wife got one of those healthy wraps and she liked it a lot.  The sweet potato fries (we ordered the half sweet potato and half regular fries) and they were good.  As for some other areas to review: The atmosphere is nice.  It's casual and not too dark and not too light inside.  (That's how I like it).  There's multiple flat panel TV's above the bar, so plenty of games on at any given time (That's also how I like it).  The service is fine (although based on some other reviews people have been so so satisfied about the service.  That's often going to be the case with most casual establishments - so sometimes it's good, and sometimes not to our satisfaction).  Such is Life!  Anyway, back on track here, the Wait staff and Bar staff have been worth the 20% tip both times.  No complaints by me about this place, however I do see some 2 and 3 star ratings on here.    Where I will dock 1 star and sort of agree with Kristi D.  She mentioned the large photo of Sheriff Joe Arpaio on the wall (while I sense that Kristi doesn't care for Sheriff Joe, I'm neutral about him), but I agree about all the oversized photos of notable names in town who have dined in The Grind.  I'd much rather see real artwork or real photographs on the wall - and not photos of Sheriff Joe, Mark Grace (for those who don't know, he's a former baseball player), and the Mayor of Paradise Valley, all holding their burgers.  Who the hell cares about any of them and their burgers.  I think I'd be more ok with having these photos above me, but they are HUGE enlargements and a bit overkill.  And they are for sale and the proceeds go to some cause.  Look, I'm all for causes and shit, but I wouldn't spend my money on a 36 inch enlargement of these local ""notables"" holding a burger.  The whole concept is pretty stupid.  But hey, I'm generally uptight and been doing photography 20+ years and probly am just hating on the fact that my photos are hanging on the wall.   Side Note:  For those who might have previously had ""Liked"" The Grind on Facebook but no longer have their page as a Like, it's because they apparently had their group page hacked, so they had to start over.  I found this out when I Liked it the other day noticed there were only about 165 Like's, and certainly I knew this place was way more popular than that.  When I commented that, they commented back about it being hacked and starting the page over. http://www.facebook.com/thegrindarcadia",0.000763,0.000113,0.0002,0.000112,0.000173,0.000137,0.000572
"Three words: THAI. TUNA. ROLL. Get it. You won't be disappointed.    In addition, the California and the Mango Salmon Rolls were quite good as well.  While Arizona isn't a place known for stand-out sushi, I'd order it here again.  And in fact I did...two nights in a row.   Night #1 - The bartender was a superb professional. He replaced drink napkins when they were damp and even poured my martini into a fresh cold glass when I was half-way done.  Class act.  He was also the one who recommended the Thai Tuna Roll which adds even more points to his score, if possible.    Night #2 - CRANKY bartender. While she recommended a nice glass of white wine, she poured me a totally different one the second time.  While it was St Patrick's Day, it's not like this place was packed out with annoying patrons so I'm not sure what put her in such a bad place. It did leave me with a not-so-happy feeling when I left, despite the fact that the food was just as good as the first go-around.    So, what could be the only gripes aside from the attitude?   * You will pay a chunk of change for your meal here (but it will likely be worth it)  * You will also likely order something that they're out of (mango salmon roll the first night, grilled artichoke the second night, and every night I've ever gone to a Hillstone, for that matter) * It's a chain  Bottom line is that Hillstone is probably one of the better options in this neck of the woods.  Go for a cocktail and a Thai Tuna Roll, if nothing else.",0.001332,0.000107,0.000248,0.00011,0.000198,0.000156,0.000536
"Waffle House was packed, Over heard another couple taking about ""Fast Eddies"", With a 20 min wait ahead of us we decided to try it out. Walked in looked like a senior center. Tables and chairs were very out dated. We sat down in a booth. Food was still on the table and the cushions were dirty. Waitress came over after 10 min and asked what we wanted to drink. 10 min later she brought out or coffee. Placed the order waited another 20 min to get the food. The diner wasn't busy at all. I don't know why the wait was so long. The food was ok, service was horrible. One thing that really grossed me out was the a/c return next to the office door. Look up and you will see probably years of dust that has collected. I showed the waitress and she really didn't care. I told her that if I would of saw that when I came in I would of just walked out. GROSS! Sorry Waffle House I will never betray you again.",0.002659,0.0001,0.000302,0.000131,0.000249,0.000163,0.00053
The praise and worship with Pastor BJ just sets up a God Filled service with the charismatic and awesome Pastor Maiden ... Going the Past 18 months has made our Marriage Stronger and Faith Magical,0.000578,0.000129,0.000194,0.000129,0.000171,0.000144,0.000537
My fav Mexican place by far!  They make the most delicious chicken tortilla soup and tacos I've ever eaten. Fresh ingredients and the owners are super nice. Love this place!,0.004197,0.000134,0.000519,0.000142,0.000321,0.000322,0.000648
"My roommate and I stopped by here  on a Saturday night with my groupon to see how this Fuego is holding up. I've been to Fuego Bistro before, and it was amazing, so this one at CityScape had a lot to live up to.  I'd say this place gets less than 5 stars based on atmosphere. The place kind of feels like a cafeteria and the vibe from the entire patron situation is just bleh. The best part about the atmosphere was my own company and that of our server, Brandon, who was really helpful and chatty.  Also, while my roommate got the Chile Relleno, which was okay in my opinion, I had the Fuego Tacos with pernil (which apparently is pork), and they were delicious. I absolutely loved and devoured them.   Some other key points: The drinks were very tasty and parking is very easy. We parked at a meter (which is free after 5p), and I'm told they can validate the parking ticket for the underground parking.  Overall, I'd come back here. I wouldn't go here for a sexy date or if looking for something fancy, but definitely for a tasty dinner with great service.",0.002533,0.00014,0.000539,0.000133,0.000306,0.000214,0.000629
"I went to La Boca two night in a row, Sunday/Monday, when I had to be in Tempe.  The first night our party of six were enjoying our pizzas when I casually mentioned that we'd ordered one pizza without mushrooms and some had found their way unto it.  Within a a couple of minutes the manager was at our table with an apology and an offer to comp a couple of deserts.  Geez, it was just an errant mushroom!  In fact, the pizza here is very good and they clearly go the extra mile in trying to accommodate their customers. I was please enough to return the next night with my wife and share a Margarita pizza (which is very good).  Wanting something sweet to finish off our meal, we opted for the chocolate mousse.  While it may not have been the ultimate dessert it was quite good and we enjoyed several bites before deciding we'd had enough to satisfy without adding unnecessarily to our growing waistlines.  Seeing we'd only eaten a bit, the waitress comped the dessert.  We explained we'd been happy with the mousse and were just full but she took it off the bill just the same.   Now, there are a lot of choices where to eat and a whole lot of pizza joints, but for my money a little extra courtesy goes a long way.  Couple that with good food and reasonable prices and La Bocca is sure to see more of me.",0.001033,0.000109,0.000212,0.000111,0.000191,0.00015,0.000655
"The Phoenix metro area is definitely not known for authentic Asian cuisine. China Magic Noodle House, however, is the real deal. This place reminds me of the Taiwanese delis that I used to go to in LA, as well as noodle houses that I've frequented in Taipei.  They have a great selection of cold noodle, hot noodle and soup noodle dishes. And, a variety of ways to have your noodles (I typically order the thick noodles or shaved noodles). There's always a veggie on the whiteboard to try and the fried tofu is very tender and tasty with the dipping sauce.  If you're looking for a reasonably priced, ethnically authentic meal in Phoenix (especially the East Valley), China Magic Noodle House should be near the top, if not first, on your list. the only negative that I would have about this place is that there isn't enough choices where chicken is the main protein.",0.000727,0.000115,0.000178,0.000121,0.000177,0.000151,0.00064
Found the Tuck Shop on my Urban Spoon AP and what a grand surprise it ended up being!   In the heart of Coronado this little house has been transformed to a true Phoenix jewel! The food was amazing..we had pork with a pasta and broccoli.  The pork had two amazing sauces that my boyfriend I argued over which was the better.  The pasta was okay a bit of a cumin flavor but great once we mixed it with the pork's sauce.  The broccoli was a great fresh touch.   The manager came over and spent some time talking to us more about the menu and plans to open another place with a different menu soon.  A must try if you are a down town kinda person!   The crowd  was a mix of tshirts casual to formal and the patrons ages ranged just as much.  The menu changes with the season so go check it out!  Only complaint I've heard from people I've recommended was the lack of choice if you are a vegetarian.,0.006857,9.9e-05,0.000348,0.000154,0.000542,0.000263,0.000638
"I like that we have a sports venue in the West Valley, I think that this place has tons of more potential but under the current recession it will take time to recover and get the growth we need all around this place.  I love that Cabelas is over here and 2 movie theaters nearby.  I enjoy the food options when we are in this area and sometimes drive out of my way to come here since Park West is also nearby on 101 & Northern.  We came here this weekend and the kids walked around with us and we enjoy all the fountains and the kid area where children can play in the water.",0.00061,0.00013,0.00018,0.000141,0.000175,0.000153,0.00053
"Ive been here twice and my favorite item has been their version of tiramisu. It's not soaked in espresso or whatever the local italian eateries are using these days..it's made with champagne! It's light and fluffy..it's like eating a cloud from heaven. Very much a date place.. It has a ""romantic"" atmosphere so don't go there if you're not trying to give off that vibe. Otherwise great for a group setting..... Oh and for any potential cougars the waitstaff is delicious eye candy. ;)",0.000775,0.000109,0.000177,0.000107,0.000174,0.000142,0.000535
"Downright awesome and extremely hip. A non-traditional, very out there, but very hidden coffee joint.  You can't see this place from the street. It's kind of behind the Buffalo Exchange. It's almost the last place you would expect to find a coffee shop. As soon as you walk in there are really bright and vivid paintings, this is kind of what makes it way out there. Barista was very friendly and asked us how the weather was, always cool to have some small talk instead of the drone, ""what can i get for you..."" Wait, that basically sounds like the boring coffee-grinders at Starbucks.  I gotta have my lattes. I will drink regular coffee sometimes, but my soft spot is a well made latte. Amazing enough, places like Starbucks just don't know how to make lattes, I give up on Starbucks. Their beans suck, and apparently their frothing machines do too, because everytime I go there it seems like they just warm my milk and mix it with some coffee. The latte here was PERFECT. The milk was perfectly frothy, which in my opinion is what makes a latte a latte. Coffee had a nice roasted flavor to it. Amazingly, there are tons of coffee shops out there that can't do decent lattes. This is my new coffee place.  Good music choice here, its like new age elevator music, calm soothing hip hop and pop. Awesome atmosphere, quiet enough to study and have a conversation, yet lively enough to come for just a cup of caffeine. Skip the Starbucks and ""Sex in the City"" sorority girl drinks and come here.  Only problem was that I think they only have small or large lattes, and it was like $4 for a large. That's like $0.50 to a $1 too much in my honest opinion. Oh well, I think I'd still pay that when I'm craving a latte.",0.035837,0.000413,0.01058,0.000328,0.001835,0.000708,0.000523
"I liked the fish.  It was delicious.  The cole slaw was also very tasty.  Not too sweet.  A bit tangy.  I like that.    The shrimp was okay.  A bit rubbery, but then what does one might expect for a seafood place in the middle of a desert?  My biggest problem with this place was the price of the food.  It is just too expensive for what amounts to frozen food plopped into a deep fryer.  I could buy frozen fish at the grocery store and then come home and plop it into my little deep fryer and it would taste about the same and be a lot cheaper.    I just wish it wasn't so expensive.  Especially considering this in the hood.  If you know what I mean.  I don't mind driving down to the hood for some fried fish, but only if it is reasonably priced.",0.000882,0.000115,0.000204,0.000118,0.000177,0.000157,0.000522
"Yoli's has recently been popping up on Yelp's 'Best Of' front page. Many people are mouthing out and as the food whore that I am, I needed to go out and try it for myself.  My previous research told me that there were many 5 stars and 3 stars reviews regarding the ambiance, service and food. It seemed that the place had be 5-stars for a while but trending analysis showed a decline in the late 2011- early 2012. Alright enough nerd talk-  it was a Saturday morning, I was starving and I needed a place to have brunch with my lady friend in town.  When it comes to brunch at Yoli's, you really need to leave all your expectations at the door. The neighborhood its in is a little sub-par, the parking situation isn't grand and the interior and patio decor resembles a home that stopped paying for landscaping services a long time ago. The tables outside are all basic basic plastic, they are not squeaky clean (or perfectly leveled) and the seating is pretty limited. If you are coming to Yoli's, you are coming here for the food and nothing else, this ain't no brunch at the Four Seasons.  Their menus are strictly breakfast/brunch related but at a 2-sided page list, their breakfast choices do have a large variety of flavors and prices. The food is on the stealthier side with skillet dishes, omelets and diner-style potato sides. My friend and I ordered their most popular dish, the El Monte- Hawaiian french toast sandwich filled with egg whites, turkey, bacon and cheese with a 'spicy orange marmalade'. At about $7, the sandwich was pretty large and filled me up easily after just half of it. The french toast itself was soft and spongy and the bacon had some crisp, but the turkey was very thinly-sliced deli meat so it didn't have a lot of flavor and the spicy marmalade was tasty but not spicy at all.  The service was a tad slow but the lady was very very courteous and nice to us, she just didn't stop by very often so we had to wait around for our drinks and our check for quite a while. Overall I wasn't blown away with Yoli's but I would recommend as a place with decent portions and good prices. As of now, a 3.75 stars on my book.  I am a big supporter of local restaurants and I love seeing a family-owned business thrive. With a little bit more decor, faster service and a cleaner environment this place can return to be the GEM that people used to talk about. Yoli, if you are reading this- I hope you take this advice, we all want to see you succeed so we hope you can get back on that horse and impress the hell out of us. Good Luck!!",0.004277,0.000137,0.000684,0.000149,0.000385,0.000217,0.000538
"This is my second time in Chandler for work, and I've been here about four times.  I've basically come here every day during my visits.  It's a great place to have a casual meal and get some more work done.  I like the food and the friendly service, and also refuse to pay for the wireless in my hotel room (even though my employer would reimburse me for it).  Plus, I like the relaxed, community-esque feel of this place.  As for the food, I'd recommend the Tuscan Chicken sandwich - the Ciabatta bread it comes on is really quite delicious, but make sure it's fresh.  salads are simple, but pretty good, and everything tastes fresh.  The chocolate chip cookies are to-die-for.    The people who work here are very friendly.  One guy was particularly helpful and helped me as I contemplated for about five minutes what I should get.  He then came to check how my food was, even though this is a self-service type of place.    I would not recommend the half-sandwich half-salad combo if you're really hungry.  Somehow a whole sandwich seemed more filling to me.  Even though I avoid chain restaurants, I really like this one!  Maybe it's because we don't have one in Northern California, so it still makes me feel like this is ""something different"".",0.000788,0.000119,0.000199,0.000129,0.000178,0.000151,0.000557
The worse food and service. I have never given a bad review. I ordered a shrimp dish with brown rice. The waiter brought out white rice. The sauce was horrible and bland. The calamari salad was not fresh. The dressing was bland too. The waitress checked on us and we asked for check immediately.  She never asked if anything was wrong or if the food was good. I would never recommend or eat here again. The service and food was horrible. I was visiting from out of town and was hoping to get a new experience.  This was not it...,0.001174,0.000102,0.00019,0.000105,0.000195,0.000155,0.000536
"Love the coffee not thrilled about my service. Of the 4-3 times I have been in the barista has never been behind the counter ready to serve me.  Every time that I have walked in they follow me off the patio where they have been smoking.  I know that you are entitled to a break but, sitting out chit chatting with your friends smoking is not what you get paid for.  Either I have bad timing coming in when they are on break or the kids there are huge slackers.",0.028757,0.000122,0.001069,0.000155,0.002055,0.000409,0.000527
"One of my favorite restaurants in the valley. I usually go for the turkey wrap or one of their pizzas. On this day we went for happy hour, which is daily after 9pm and tried several tapas and a 4 peaks beer. Everything was really good.",0.000625,0.000123,0.000185,0.000122,0.000175,0.000145,0.000532
"Absolutely the best sushi in the valley, hands down.  The fish is fresh and their spicy tuna is like no other.  However, the service is extremely slow. We once waited 75 minutes to get our lunch and the restaurant wasn't even full.  Can't say much about the cooked food though, but the sushi is amazing.",0.001083,0.000113,0.000218,0.00011,0.000186,0.000169,0.000531
"The family and I love this place, as does anyone I've taken there.   First time I went I had a cheeseburger pizza - huge and delicious.   Their beer is great too - brewed right on the spot.   My wife loved the fish tacos -- it says a lot about a place that every time you go, everything you try, is fantastic.   You'll pay a little bit, but it's worth it.",0.001098,0.000114,0.000234,0.000117,0.000186,0.000157,0.000528
"I really wanted to have a Birthday cake for Zoey's 4th Birthday and The Bone Appetit Bakery did not disappoint.   With just 24 hour notice I was able to choose a bone shaped cake from one of 2 sizes, I chose the small (see pics) A very tasty Peanut Butter and Honey cake with cream cheese frosting. All natural human grade ingredients, no sugar, salt or additives, Zoey went nuts for it!   I also purchased her a cute little party hat to wear for her birthday (see pics) they even sell invitations if you are planning a big doggy bash! ;-)   Your dog would just Love it if you brought home a Birthday cake for them, or even some of the house made baked treats they sell here.   Go Now!",0.003596,9.2e-05,0.00025,0.00013,0.000326,0.000189,0.000639
"Came here last night with the girlies to satisfy our craving for Indian food.  We've talked about this place for a while, and I'll be damned if I was leaving AZ before stopping by this place!  So luckily, I was able to convince one of the girls that finals are not as important as saying goodbye to me over a plate of curries.  We got their around 8 and the place had a good crowd.  We were the only white girls, so we know we were in for a good meal.  Going over the menu took us a while, because one of the girls had no clue what she wanted, and the server was polite enough to let us take our time.  Before we figured out what we wanted for dinner, of course we had to figure out drinks.  So we all order and still continue to peruse the menu.  Then our drinks came out...huge plus for this place right here, they were huge!  My gin and tonic was in an oversized cocktail glass and my friend's Chardonnay was filled to the brim.  No skimping on alcohol here!  The waiter advised us the drinks were strong, which I was fine with but my girlfriend needed 3 more limes to take hers down.  We finally end up decided on dinner, with the shahih paneer, chicken saag, and vegetable korma, and an order of garlic naan.  I was a little unsure about the paneer, but my girlfriends swore by it.  When the food arrived, we were excited!  Everything smelled so flavorful and the naan was huge, good thing we only got one order.  I loved every single bite I had at dinner, and the feeling was mutual across the table.  All of us ate beyond the point of feeling full, but we couldn't help ourselves!  This food was too good!  Luckily, we were able to stop ourselves and save some food to take home.  I got the chicken saag and I am so excited to have some for my own brunch.  Mmmmm...I'm getting hungry thinking about it now.  Overall, $20 a person including tip, with strong drinks, good food, and extras to take home we were satisfied.",0.004395,0.000142,0.000627,0.000161,0.00037,0.000268,0.000777
"The kids and I LOVE Starbucks but this one leaves a lot to be desired.. We have been here a hand full of time and each time I keep asking myself why do I go back to this one?   The service there is almost rude. They seem as if they are annoyed to be busy. They never seem to be happy to service you. Drinks take forever to make, even though they aren't as busy as other ones are. We won't even go into the fact that my order has been messed up the last 2 times.  The main issue I have is the fact that 3 out of 5 times when sitting and relaxing with a snack, someone has to sweep the floor near me. Really? While I am sitting there?  There are much better Starbucks and I think I am going to try some others locally.   12/06 - The kids and I went in today for our ""snack"" wanted to say things were better today. I am not going to change my rating until after my next visit ;)",0.000633,0.000122,0.00018,0.000126,0.000171,0.000143,0.000564
"Why do you bring in the best bands and then torture me?  Parking is freaking ridiculous, at least I have been enough times to know to leave my car on Mill and walk. Your security people are a bunch of freaking jerks who take their power wayyyy to seriously - take off my shoes? What kind of weapon or drugs can I be hiding in my open toed 2 inch heels? Your sound SUCKS - seriously sucks. For all the fees you charge on top of tickets - buy some new speakers already. The bathrooms are gross Drinks are reasonable so you get 2 stars  (Watch out for the glass walls leading to the patio if you have overindulged in booze.. I've heard they are easy to run in to).",0.847404,0.009805,0.607352,0.002084,0.471132,0.010517,0.000572
"Just had my first hot dog at Short Leash Dogs and quite honestly, I can't call it a ""hot dog"" because that just conjures up images of, well... a hot dog. And Short Leash Dogs are so much more and better than ""a hot dog"" the way most people know hot dogs. Know what I mean? No? Well, go have a Short Leash Dog.   Really unique combinations, various dog options (all local meats and produce) - bratwurst, beer hot, veggie...   My friend and I shared an Aiko (we chose the brat as our dog), with mango chutney, red onions, cilantro, mayo and jalape√±o on a naan (you might have read that in other reviews, no traditional buns here!).   You can find the Short Leash Dogs truck at the Phoenix Public Market on Wednesday evenings and Saturday mornings, and if you follow them on Twitter (@shortleashdogs) you can find out when/where else they make regular stops... scottsdale, central phoenix... Track 'em down and eat their food. And talk to them - Brad and Kat are smart enthusiastic folks with a great sense of humor and offer superb food and service! What's not to love?",0.002094,0.000102,0.000272,0.000112,0.000235,0.000173,0.000625
"Kale, miso, shrimp dumplings... all good",0.038371,0.000145,0.001462,0.000189,0.001812,0.000466,0.000649
"These are simply the BEST sandwiches and salads. If you like your food (a) locally grown; (b) freshly made; (c) organic/all natural; and (d) yummy - and who doesn't? - this is the place for you.  Now, admittedly they have something of a soup-nazi routine set up and if you walk in and don't know the drill, it can be confusing.  So pay attention:    1.  Look at menu. 2.  Decide what you want. 3.  Wait your turn to order. 4.  Order (give your name). 5.  Wait your turn to be called to pay the other girl for the order you placed. 6.  Pay her. 7.  Wait until your food is ready. 8.  Leave with your food.  Note that there is no place to sit inside - so you can either sit outside, or, (if it is 157 degrees out that day), see if you can find a place to sit over at LUX, they are very welcoming of Pane Bianco diners.   It's all good.",0.001579,9.6e-05,0.000192,0.000113,0.000212,0.000167,0.00073
"Looking a cutting edge, wanting the best for everyone type of pet boutique you must go to Oliver and Annie's.   Chris, the owner is amazing! He knows his stuff and has the best of the best. There is no pet boutique like his. Urban chic and healthy top draw. He is an amazing supporter of local artists and designers and an absolute delight to know and do business with. His loving nature is endearing!   It's no surprise he just received the ""Best of Phoenix"" award.",0.000614,0.000122,0.000174,0.000127,0.000178,0.000143,0.00059
Nice clean place with good food.  Shrimp burrito - pretty tasty.,0.000862,0.000112,0.000174,0.000117,0.000192,0.000155,0.00059
I just love this place and  I always leave feeling refreshed and relaxed.  Highly recommend any of their spa treatments.,0.000528,0.000143,0.000192,0.000149,0.000176,0.000152,0.000532
"I had a great experience here and was suprised by how charming and clean the spa is inside, given it is right off of busy rural rd!  I had Lana as my manicurist and she gave a GREAT pedicure.  I used a coupon from the ASU Insider's book and got a relaxing, hour long and hot stone pedicure for $18.  I think the normal price is still around $18...maybe $20 for the cheapest one??!!  Lana was super friendly and sweet, and the owner was also very helpful and made me feel comfortable.  I will definitely go back here for a gel mani!!",0.002104,9.5e-05,0.00025,0.000112,0.000235,0.000154,0.000538
"Market Bistro never leaves me disappointed. The people are great. The food is ALWAYS good & it doesn't matter what you get, they will cater to your needs & wants.  Definitely a must if your coming to Phoenix or if you live here, you need to try it.",0.001399,0.000103,0.000182,0.000128,0.000213,0.000168,0.000533
"These are some great cheesesteaks. I have come here multiplier times and have never left unhappy. The staff are nice and the food is delicious.   Also try the 'Cheesesteak Fries' they are freakin amazing! I am glad I work next to this place, always a great lunch.",0.001214,0.0001,0.000189,0.000111,0.000194,0.000146,0.000596
"A few weeks ago, I was receiving quotes to have my AC unit replaced due to the hail storm we had back in October. I had few companies come out but no one and I mean no one was as thorough as Dale with Mason Mechanical was. He spent 90 mins going over everything including climbing in the attic to check things out. He explained the differences between different units as well as what he and his team could do, which included taking out my furnace and installing a new ac/heat unit, pricing. etc.  Fast forward 3 weeks later and I was able to get the appt set up to have my unit installed. Crystal set up everything for me  and she was fabulous, especially since I had to cancel the first time around due to my work schedule. (Thank you for your patience Crystal!!) Mike, the tech who was in charge of installing the new system called me promptly at 7am to let me know he was on his way and would be at my house within 30 mins. Fast forward 10 hours later and my new unit is installed. He explained everything to me including how to work my new programmable thermostat, made sure everything was in working order, sealed off the area in my now new closet (where the furnace was), made sure everything was cleaned up, and was just all around great. I am very happy that it was nice mild day here today because I don't know how they can do this in the summer.  Thank you to the entire team at Mason Mechanical!",0.000609,0.000124,0.000192,0.000124,0.000174,0.000138,0.000608
"OH MAHHH GOSH, what retards they have working here. Came in to pay for my phone bill and literally stood in line for 40 effing minutes. They had TWO ppl out on the sales floor that afternoon and the store was freaking packed. Really? What genius decided to schedule TWO freaking meat-heads who knew diddly squat about anything on a busy Saturday afternoon??? And no, I don't care to upgrade my phone. I JUST WANT TO PAY FOR MY BILL AND GTFO OF THERE!!!! Do you really think that after such poor service I am going to want to up your commission rate by purchasing/upgrading my phone with you? NO.",0.847923,0.008128,0.414327,0.002581,0.520715,0.024187,0.000641
"This place is one of my favorite burger joints.  If you really appreciate a good burger, I don't think you'll be disappointed.  Kobe burger, Double truffle fries, Creme Brulee Shake and just pure joy.  First time, the burger was slightly over cooked for medium rare; but ever since I have been back multiple times and it's been prepared perfectly to my expectations.  I do believe in second chances and they won me over.  I don't get the mushroom on the Kobe; Meat is very tasty and flavorful, no need to add any toppings.  The Samburger and Zinburger are very tasty as well.  Last time I added bacon to the Zinburger, very good, and I do recommend that.  The staff are very attentive to diners needs.  I have tried a few of the Fox-RC and every time has been an excellent experience so far.  (I hope it won't change).  SF definitely has a unique and entrepreneurial vision in food industry which has, and will make him very successful.",0.000592,0.000126,0.000181,0.00013,0.000174,0.000148,0.00056
